t,h,lon,lat,v,gam,azm,alpha,beta,q
0,260000,0,0,25600,-1,90,17.49797735,-64.31614414,51.90544787
3.295647402,258528.7084,0.2283836512,2.55E-05,25598.52952,-0.9987721751,89.98697632,17.50001754,-74.13969703,53.52367763
10.18563457,255455.6669,0.7058536779,0.0002598853242,25594.77194,-0.9979895877,89.95607611,17.48555438,-74.64379486,57.08066427
18.79773932,251622.3617,1.30264809,0.0009421614773,25588.59402,-0.9946845903,89.91179123,17.50243361,-73.98730345,61.80503687
26.82359257,248065.1972,1.858765715,0.002026894344,25581.12113,-0.9904514257,89.86342103,17.48084651,-74.38304885,66.56408801
32.11493778,245729.9926,2.22536085,0.003013878805,25575.19158,-0.986316556,89.82764307,17.4500837,-72.89989416,69.89587402
33.4464356,245144.3205,2.31760222,0.003298855048,25573.56236,-0.9849881356,89.8181285,17.45098013,-73.13920053,70.74633116
33.4464356,245144.3205,2.31760222,0.003298855048,25573.56236,-0.9849881356,89.8181285,17.45098013,-73.13920053,70.74633116
36.74208301,243697.9159,2.545897462,0.004072191803,25569.26815,-0.9818223052,89.7934332,17.46257148,-73.88341296,72.87790927
43.63207017,240690.9557,3.023094998,0.006024389372,25559.00727,-0.9742603123,89.73658263,17.47348806,-73.74466624,77.5210419
52.24417492,236971.6346,3.619360933,0.009180152584,25543.49893,-0.9621389269,89.65483227,17.4690738,-73.70221612,83.67112836
60.27002818,233554.8031,4.174769098,0.01294447301,25525.9824,-0.947942068,89.56641214,17.48431678,-73.40967522,89.68695467
65.56137339,231333.9451,4.540765798,0.01592017244,25512.60545,-0.9364373511,89.5009478,17.48632737,-72.98272956,93.81647228
66.89287121,230779.7772,4.63283866,0.01673609157,25508.99673,-0.9332477962,89.48352917,17.4785581,-73.00258057,94.88571267
66.89287121,230779.7772,4.63283866,0.01673609157,25508.99673,-0.9332477962,89.48352917,17.4785581,-73.00258057,94.88571267
70.18851861,229416.7019,4.860684218,0.01887830911,25499.63664,-0.9250456409,89.43868342,17.46524964,-73.0997396,97.55304345
77.07850578,226609.9682,5.336781807,0.02395946788,25477.92618,-0.9059689455,89.33637277,17.47003322,-73.08056181,103.2000664
85.69061053,223194.7291,5.93133598,0.03158394794,25446.33362,-0.8779554112,89.19074441,17.46708466,-73.01109022,110.4603273
93.71646378,220121.1758,6.484768267,0.04013442312,25412.00678,-0.8469168408,89.03569425,17.465906,-72.68558063,117.3430405
99.00780899,218161.8022,6.849239165,0.04662450479,25386.57073,-0.8232981432,88.92247443,17.4666771,-72.46118594,121.8972036
100.3393068,217678.0498,6.940898213,0.04837236014,25379.80307,-0.8169644391,88.89253973,17.46321878,-72.46777098,123.048427
100.3393068,217678.0498,6.940898213,0.04837236014,25379.80307,-0.8169644391,88.89253973,17.46321878,-72.46777098,123.048427
103.6349542,216497.5815,7.167665565,0.05290659145,25362.40536,-0.8007439123,88.81585589,17.46445608,-72.49315349,125.8703843
110.5249414,214112.474,7.641247613,0.06339844952,25322.86814,-0.7638555651,88.64294219,17.48820237,-72.41573482,131.655548
119.1370461,211305.0199,8.232120967,0.07861371862,25267.27293,-0.7118239103,88.40228639,17.47325446,-72.29438606,138.7483404
127.1628994,208883.072,8.781542714,0.09511315427,25209.25964,-0.657318211,88.15344539,17.45239171,-72.08835696,145.0127138
132.4542446,207399.23,9.143044847,0.1073218286,25167.66373,-0.617968677,87.97618421,17.45632108,-71.93782798,148.838479
133.7857424,207040.9077,9.233914775,0.1105695768,25156.77094,-0.6076439884,87.92989785,17.45685349,-71.92153341,149.7626784
133.7857424,207040.9077,9.233914775,0.1105695768,25156.77094,-0.6076439884,87.92989785,17.45685349,-71.92153341,149.7626784
137.0813898,206180.9482,9.458654751,0.1189222034,25129.10351,-0.5814917711,87.81251135,17.44467364,-71.9050663,152.0083895
143.971377,204511.2815,9.927653014,0.1378814099,25068.17206,-0.5243288546,87.55478315,17.41175824,-71.85023883,156.3486891
152.5834817,202680.506,10.51213349,0.1645822943,24986.20056,-0.4480689355,87.20952258,17.42792244,-71.70749678,160.8119106
160.609335,201245.7446,11.05492996,0.1926543262,24904.28911,-0.3724343205,86.86586619,17.43957861,-71.55858749,164.0398453
165.9006802,200449.1959,11.41171611,0.2129245546,24847.8279,-0.3208578252,86.6295759,17.42647686,-71.4770227,165.6846227
167.232178,200267.7463,11.50135718,0.2182511027,24833.35697,-0.3077369067,86.56907583,17.42544295,-71.45674463,166.0229887
167.232178,200267.7463,11.50135718,0.2182511027,24833.35697,-0.3077369067,86.56907583,17.42544295,-71.45674463,166.0229887
170.5278254,199851.7831,11.7229844,0.2318312796,24797.12207,-0.2750696345,86.41768762,17.41292953,-71.40986035,166.7646127
177.4178126,199134.7523,12.18516218,0.2620655268,24719.87218,-0.2065524461,86.09526661,17.37895492,-71.33015745,167.7734026
186.0299173,198527.1277,12.76057316,0.3034120384,24620.91528,-0.1212300783,85.68295073,17.40276449,-71.21161043,167.7848462
194.0557706,198245.0789,13.2944492,0.3455385305,24527.09129,-0.04290017745,85.29277621,17.41114323,-71.04172473,166.7927255
199.3471158,198205.028,13.64515217,0.3752088951,24465.14175,0.007212536037,85.03551368,17.38792811,-70.92631329,165.7039141
200.6786136,198212.624,13.7332416,0.3829103874,24449.59001,0.01954450507,84.97099918,17.38512569,-70.90454282,165.3618147
200.6786136,198212.624,13.7332416,0.3829103874,24449.59001,0.01954450507,84.97099918,17.38512569,-70.90454282,165.3618147
203.974261,198261.2421,13.95099712,0.402377245,24411.19885,0.04952164833,84.81178948,17.38075797,-70.85462315,164.4095158
210.8642482,198494.9639,14.40496402,0.4449155787,24331.64111,0.1093269751,84.48220536,17.37373546,-70.74258778,161.9911114
219.4763529,199021.2149,14.96997509,0.5015104116,24234.15062,0.1778473001,84.07905286,17.37691587,-70.5822563,158.2394271
227.5022062,199721.963,15.494135,0.5575592247,24146.02014,0.2345763971,83.71545861,17.36601929,-70.39676488,154.2196769
232.7935514,200282.0516,15.838473,0.5961867428,24089.71737,0.267782277,83.48369813,17.35872008,-70.27460408,151.3449986
234.1250492,200434.1091,15.9249696,0.6061099697,24075.78779,0.2755898324,83.42642387,17.36127118,-70.24929449,150.5884742
234.1250492,200434.1091,15.9249696,0.6061099697,24075.78779,0.2755898324,83.42642387,17.36127118,-70.24929449,150.5884742
237.4206966,200828.3509,16.13880228,0.6310153288,24041.71868,0.2939746426,83.28645739,17.36892989,-70.16977439,148.6802285
244.3106838,201727.6526,16.5846773,0.6846242257,23972.49545,0.3280598786,83.00269293,17.37484621,-69.97650426,144.5980289
252.9227885,202971.502,17.13983855,0.7544300002,23890.03934,0.3619070127,82.66592043,17.37109785,-69.77140986,139.3946108
260.9486418,204220.9332,17.65514424,0.8221102778,23817.45609,0.3845720095,82.37076229,17.35688338,-69.49688382,134.5515363
266.239987,205078.1521,17.99383884,0.8680320073,23771.86194,0.3950708458,82.18617818,17.34926856,-69.2920216,131.3910985
267.5714848,205296.9467,18.07894094,0.8797433562,23760.66627,0.3971572488,82.14094838,17.34945822,-69.25721043,130.5991343
267.5714848,205296.9467,18.07894094,0.8797433562,23760.66627,0.3971572488,82.14094838,17.34945822,-69.25721043,130.5991343
270.8671322,205842.442,18.28936776,0.9089922474,23733.41815,0.4013432356,82.03102057,17.35225453,-69.17224479,128.6512198
277.7571194,206994.2198,18.72833755,0.9713045437,23678.53089,0.4057723821,81.81032087,17.35780662,-68.96416182,124.6750369
286.3692242,208434.691,19.27528499,1.05128473,23613.75161,0.4033795931,81.55123637,17.35686149,-68.69704111,119.9474209
294.3950774,209753.3326,19.78335321,1.127770664,23557.02174,0.3937769717,81.32576789,17.35123262,-68.34925227,115.8223069
299.6864226,210599.1972,20.11749169,1.17915973,23521.40541,0.3840270562,81.18503663,17.3528384,-68.06149728,113.2520636
301.0179204,210808.3064,20.20147361,1.192206404,23512.65193,0.3811792997,81.15055243,17.35497106,-67.99153571,112.6229971
301.0179204,210808.3064,20.20147361,1.192206404,23512.65193,0.3811792997,81.15055243,17.35497106,-67.99153571,112.6229971
304.3135678,211318.4805,20.40917241,1.224692508,23491.3303,0.3734364371,81.06671712,17.35744122,-67.87751583,111.1080424
311.203555,212345.8117,20.84263917,1.293472146,23448.30037,0.3538128001,80.89811028,17.35340903,-67.73593719,108.132437
319.8156598,213539.6357,21.38307193,1.381002639,23397.22029,0.3233726535,80.6990435,17.35772745,-67.40086326,104.7432319
327.841513,214545.2726,21.88540681,1.464041475,23351.98268,0.2901960183,80.52389061,17.36968755,-67.02036702,101.9264366
333.1328582,215145.0355,22.21592915,1.519521289,23323.26157,0.2660463387,80.41323548,17.37516964,-66.7805306,100.2618194
334.464356,215287.4882,22.29902039,1.53357077,23316.16178,0.2597088366,80.38594809,17.37609997,-66.70850402,99.86733201
334.464356,215287.4882,22.29902039,1.53357077,23316.16178,0.2597088366,80.38594809,17.37609997,-66.70850402,99.86733201
337.7600034,215624.9371,22.50454659,1.568495287,23298.79708,0.2435991345,80.31932029,17.37794047,-66.55876514,98.93237526
344.6499906,216257.5886,22.93361072,1.642183908,23263.38359,0.2079074123,80.18383163,17.38130196,-66.33647889,97.16607617
353.2620954,216901.0926,23.46878161,1.735528419,23220.59056,0.1599316231,80.02075389,17.38842407,-65.96206147,95.31009018
361.2879486,217344.662,23.96642424,1.823708367,23181.90403,0.1126746312,79.87394844,17.39822998,-65.56311967,93.92911025
366.5792938,217551.3988,24.29395029,1.882452398,23156.89708,0.08040608625,79.77930735,17.40387724,-65.34076747,93.20420985
367.9107916,217592.4411,24.37629851,1.897309324,23150.65667,0.07215824866,79.75571259,17.40479908,-65.28844323,93.04548076
367.9107916,217592.4411,24.37629851,1.897309324,23150.65667,0.07215824866,79.75571259,17.40479908,-65.28844323,93.04548076
371.206439,217674.8074,24.58000317,1.934210252,23135.28961,0.05154322702,79.69764248,17.40721559,-65.15269003,92.69186319
378.0964262,217757.383,25.00533231,2.011939268,23103.45734,0.007707559001,79.5774862,17.41331792,-64.83697442,92.1318641
386.708531,217687.7366,25.53595035,2.110190382,23064.02121,-0.04798911781,79.42881819,17.42121669,-64.42771385,91.77246436
394.7343842,217448.4469,26.02943632,2.202836768,23027.35704,-0.1003016663,79.29064865,17.4304107,-64.08561009,91.77202198
400.0257294,217198.6031,26.35425282,2.264487813,23003.09819,-0.1347810641,79.1991738,17.435814,-63.86843697,91.94895523
401.3572273,217124.2495,26.43592185,2.280073036,22996.97224,-0.143432683,79.1760638,17.43651766,-63.80883926,92.01638437
401.3572273,217124.2495,26.43592185,2.280073036,22996.97224,-0.143432683,79.1760638,17.43651766,-63.80883926,92.01638437
404.6528747,216920.4644,26.63794848,2.318772773,22981.76011,-0.1647718188,79.11865695,17.43881324,-63.66480266,92.22023151
411.5428618,216404.3293,27.0597756,2.40025403,22949.65048,-0.2088703612,78.99736899,17.44587576,-63.3391787,92.81580116
420.1549666,215591.6828,27.58600257,2.503207707,22908.69823,-0.2623764968,78.8424692,17.45329404,-62.9010041,93.88653668
428.1808198,214673.2911,28.07534966,2.600284811,22869.41413,-0.3101465798,78.6935086,17.46086567,-62.62539848,95.20098682
433.472165,213986.5683,28.39739582,2.66490053,22842.76614,-0.3403556754,78.59215411,17.46512656,-62.43614675,96.23272578
434.8036629,213803.9477,28.47836103,2.681238787,22835.95396,-0.3477499979,78.56621335,17.46543427,-62.3555559,96.51374523
434.8036629,213803.9477,28.47836103,2.681238787,22835.95396,-0.3477499979,78.56621335,17.46543427,-62.3555559,96.51374523
438.0993103,213335.5571,28.6786323,2.721816196,22818.89294,-0.3656028905,78.50122102,17.46764373,-62.16732299,97.24130694
444.9892974,212284.179,29.09671846,2.807296102,22782.2032,-0.400830307,78.36122637,17.47440439,-61.86108019,98.91240317
453.6014022,210843.9655,29.61810241,2.915417484,22734.12689,-0.4403138481,78.1773143,17.47733465,-61.45874416,101.2870764
461.6272554,209391.6891,30.10272764,3.017518819,22686.73606,-0.4718219283,77.99549908,17.48525204,-61.17173685,103.7449377
466.9186006,208384.9013,30.42152916,3.085576167,22653.92687,-0.4895340877,77.86925392,17.4900846,-61.0045271,105.4846828
468.2500985,208126.1583,30.50165953,3.10279831,22645.46114,-0.4935705664,77.83663735,17.48913286,-60.9416826,105.9396245
468.2500985,208126.1583,30.50165953,3.10279831,22645.46114,-0.4935705664,77.83663735,17.48913286,-60.9416826,105.9396245
471.5457459,207477.4597,30.69983049,3.145596189,22624.13154,-0.5027367887,77.75442985,17.48877386,-60.76012529,107.0836457
478.435733,206089.372,31.1133573,3.235878613,22577.67588,-0.5178033734,77.57524104,17.49807428,-60.4207728,109.5424435
487.0478378,204313.7822,31.62868306,3.350338685,22515.76962,-0.5285179656,77.33601841,17.50108438,-60.09602386,112.7459192
495.073691,202644.7054,32.10725481,3.458719585,22453.96952,-0.529900677,77.09677935,17.49368352,-59.76103942,115.802056
500.3650362,201550.3739,32.42182786,3.531128364,22410.93048,-0.5258939458,76.93003501,17.49089083,-59.54818658,117.8045863
501.6965341,201276.979,32.50086272,3.549472899,22399.80149,-0.5242603866,76.88689377,17.49104454,-59.51485119,118.3023251
501.6965341,201276.979,32.50086272,3.549472899,22399.80149,-0.5242603866,76.88689377,17.49104454,-59.51485119,118.3023251
504.9921815,200605.0449,32.69626554,3.59509774,22371.72498,-0.5191578183,76.77799121,17.49212607,-59.41330858,119.5209753
511.8821686,199230.0375,33.1037341,3.691520965,22310.55916,-0.5032754235,76.54062885,17.48937453,-59.14140331,121.9995919
520.4942734,197591.8475,33.61094437,3.814106329,22229.42021,-0.4737132156,76.22554202,17.47818006,-58.87290748,124.8893244
528.5201266,196174.6023,34.0813833,3.930513103,22149.16206,-0.4366667041,75.91374348,17.47511081,-58.55841382,127.2491745
533.8114718,195311.9432,34.39028475,4.008449505,22093.86125,-0.4071514349,75.69905474,17.47211082,-58.32906795,128.591904
535.1429697,195105.0294,34.46785331,4.028213804,22079.66275,-0.3991398785,75.64395401,17.46878689,-58.29217023,128.9043458
535.1429697,195105.0294,34.46785331,4.028213804,22079.66275,-0.3991398785,75.64395401,17.46878689,-58.29217023,128.9043458
538.4386171,194611.5026,34.65955945,4.077401094,22044.05063,-0.3784580899,75.50572904,17.47014022,-58.2195179,129.601132
545.3286042,193671.2973,35.05899081,4.181487053,21967.44524,-0.3312912712,75.20831523,17.4786852,-58.04723936,130.7633658
553.940709,192684.905,35.55558438,4.314024247,21868.33182,-0.2666000276,74.82373599,17.44090439,-57.79160106,131.7407702
561.9665622,191967.1486,36.01560196,4.440014672,21773.4089,-0.2025059748,74.45600512,17.43239224,-57.53584789,131.9861509
567.2579075,191604.2409,36.31738379,4.524394893,21709.67847,-0.1587673113,74.20949386,17.43777891,-57.37174442,131.7933991
568.5894053,191526.9901,36.39313215,4.545793393,21693.53948,-0.1476909991,74.14712635,17.43000926,-57.33167105,131.7228656
568.5894053,191526.9901,36.39313215,4.545793393,21693.53948,-0.1476909991,74.14712635,17.43000926,-57.33167105,131.7228656
571.8850527,191359.8872,36.58028801,4.599042478,21653.50661,-0.120405759,73.99254311,17.41582722,-57.23790476,131.4686118
578.7750398,191120.4862,36.97002312,4.711672521,21569.39718,-0.06397558075,73.66825472,17.42522749,-57.05440519,130.5424384
587.3871446,191024.3089,37.45422183,4.854913542,21464.0621,0.003810259726,73.26325641,17.41887021,-56.80728413,128.8684172
595.4129978,191123.8832,37.90250997,4.990811125,21366.75299,0.06153377773,72.89071804,17.39250653,-56.55021891,126.8713978
600.7043431,191279.3694,38.19651782,5.081639938,21303.40619,0.0957956358,72.64919232,17.38938222,-56.38565057,125.3164834
602.0358409,191328.8008,38.27030958,5.104646751,21287.57841,0.1039043888,72.5889675,17.39210551,-56.34807314,124.8956251
602.0358409,191328.8008,38.27030958,5.104646751,21287.57841,0.1039043888,72.5889675,17.39210551,-56.34807314,124.8956251
605.3314883,191467.7486,38.45262595,5.161848647,21248.61799,0.1230265963,72.4409375,17.39268244,-56.246658,123.8320481
612.2214754,191827.646,38.83228478,5.282593765,21168.40318,0.158055776,72.13730035,17.37733526,-56.02404032,121.5105002
620.8335802,192385.5587,39.30404588,5.435637514,21070.80444,0.1915070753,71.77007959,17.37079096,-55.75885008,118.4152849
628.8594335,192982.325,39.74098134,5.580276921,20982.70894,0.2120262361,71.44102676,17.36572505,-55.44001572,115.4548796
634.1507787,193401.0283,40.02765953,5.676645761,20926.21365,0.2199733233,71.23146292,17.36946972,-55.21299916,113.4935809
635.4822765,193508.2943,40.09962849,5.701017579,20912.18716,0.2212921054,71.17960469,17.37568554,-55.1679607,112.9939634
635.4822765,193508.2943,40.09962849,5.701017579,20912.18716,0.2212921054,71.17960469,17.37568554,-55.1679607,112.9939634
638.7779239,193775.6874,40.27747204,5.761547559,20877.78178,0.2233803163,71.05265335,17.38592298,-55.06493117,111.7760474
645.6679111,194335.4736,40.64796679,5.88901677,20807.41112,0.2220068712,70.79421287,17.38048945,-54.83762692,109.3396625
654.2800158,195012.0087,41.10864496,6.050024167,20722.39783,0.2096133159,70.48434266,17.37957652,-54.51828049,106.4517789
662.3058691,195590.8933,41.53563161,6.201656963,20645.85255,0.1885533099,70.20770057,17.38452453,-54.15233063,103.9687133
667.5972143,195933.0463,41.81594844,6.302421484,20596.68654,0.1701916828,70.0312874,17.38408732,-53.8931774,102.4719753
668.9287121,196013.2562,41.88634082,6.32787369,20584.46636,0.1650459099,69.98759218,17.38445875,-53.83233514,102.1126178
668.9287121,196013.2562,41.88634082,6.32787369,20584.46636,0.1650459099,69.98759218,17.38445875,-53.83233514,102.1126178
672.2243595,196200.6009,42.06032348,6.391034353,20554.46433,0.1514235579,69.88054264,17.3854064,-53.70517304,101.2555419
679.1143467,196535.3528,42.42293076,6.523812129,20492.78778,0.1189791905,69.66131828,17.38736893,-53.46995573,99.61945462
687.7264514,196830.652,42.87407435,6.691122516,20417.36914,0.07205568615,69.3946997,17.39719063,-53.10446692,97.87357634
695.7523047,196968.2325,43.29246022,6.848338631,20348.33306,0.02368221669,69.15201543,17.40987648,-52.72096911,96.56190999
701.0436499,196981.3022,43.56723511,6.952652028,20303.28154,-0.009977758719,68.99423497,17.41640443,-52.46895392,95.87069002
702.3751477,196974.5554,43.63624694,6.97898266,20291.98676,-0.01861526464,68.9547422,17.41770972,-52.40243315,95.71860992
702.3751477,196974.5554,43.63624694,6.97898266,20291.98676,-0.01861526464,68.9547422,17.41770972,-52.40243315,95.71860992
705.6707951,196940.2764,43.8068344,7.044294276,20264.08395,-0.04022123415,68.85727066,17.42119445,-52.2528294,95.37843733
712.5607823,196786.6479,44.16243058,7.18147326,20205.87987,-0.08621481534,68.65416797,17.42931085,-51.9828067,94.83314765
721.172887,196437.4713,44.60493282,7.354137434,20133.02927,-0.1440981094,68.40012657,17.43887762,-51.60260512,94.46338478
729.1987403,195957.2322,45.01533249,7.516237402,20064.59883,-0.1967284913,68.16155299,17.44786418,-51.21627747,94.41543098
734.4900855,195562.1378,45.28484971,7.623734983,20018.9776,-0.2299795762,68.00240266,17.45398066,-50.97349954,94.5300994
735.8215833,195453.2807,45.35253705,7.650864056,20007.41594,-0.2381094351,67.96204235,17.45542285,-50.91383563,94.57644945
735.8215833,195453.2807,45.35253705,7.650864056,20007.41594,-0.2381094351,67.96204235,17.45542285,-50.91383563,94.57644945
739.1172307,195168.0941,45.51984083,7.718148975,19978.63768,-0.2577568601,67.86152096,17.45816849,-50.76770229,94.72109185
746.0072179,194502.8236,45.86853208,7.859449371,19917.62103,-0.2963121595,67.64803366,17.46407995,-50.47688047,95.1474301
754.6193226,193552.5619,46.30227995,8.037285964,19839.36737,-0.3385363696,67.37333082,17.4751654,-50.11425501,95.88289657
762.6451759,192567.5492,46.70433752,8.204261331,19764.03703,-0.3703866299,67.10793445,17.48126494,-49.74148005,96.74166448
767.9365211,191876.8392,46.9682292,8.315017414,19712.94138,-0.3868133982,66.9274409,17.48028112,-49.5044004,97.38026697
769.2680189,191698.8786,47.03448297,8.342973032,19699.89308,-0.390347689,66.88127791,17.47972954,-49.45399333,97.54739531
769.2680189,191698.8786,47.03448297,8.342973032,19699.89308,-0.390347689,66.88127791,17.47972954,-49.45399333,97.54739531
772.5636663,191252.4334,47.19820476,8.412316416,19667.25205,-0.3980402059,66.76564962,17.47845473,-49.32889248,97.96859783
779.4536535,190298.4479,47.5392392,8.55798401,19597.34073,-0.408924305,66.51734039,17.48082753,-49.05931715,98.86133429
788.0657582,189089.3232,47.96305714,8.741415608,19506.54598,-0.4119196077,66.19355516,17.48562306,-48.73515752,99.96164433
796.0916115,187974.9895,48.35545911,8.913754048,19418.43833,-0.4037907762,65.87824687,17.47568223,-48.39774212,100.9331618
801.3829567,187261.2651,48.61275731,9.02812679,19358.52121,-0.39264768,65.66342845,17.47372233,-48.17593828,101.4937129
802.7144545,187085.4778,48.67732245,9.057002533,19343.20735,-0.3891057277,65.6084675,17.47768302,-48.13022511,101.6155642
802.7144545,187085.4778,48.67732245,9.057002533,19343.20735,-0.3891057277,65.6084675,17.47768302,-48.13022511,101.6155642
806.0101019,186658.4001,48.83681235,9.128640724,19304.88443,-0.3790764179,65.47078688,17.48155966,-48.02350127,101.9026887
812.9000891,185809.127,49.16875579,9.2791834,19223.02982,-0.353026245,65.17621644,17.46857055,-47.79632838,102.4140653
821.5121938,184849.1194,49.58074864,9.468841808,19117.65495,-0.3117332555,64.79628074,17.46327244,-47.50694502,102.7606281
829.5380471,184076.4496,49.96168362,9.64709123,19016.73212,-0.2657515443,64.43204696,17.45240792,-47.21348051,102.7768167
834.8293923,183639.4016,50.21120015,9.765402383,18949.0507,-0.232553475,64.18784453,17.44432712,-47.02312123,102.6089909
836.1608901,183538.9243,50.27378124,9.795272751,18931.8937,-0.2239163645,64.1259503,17.44644243,-46.98085964,102.5367754
836.1608901,183538.9243,50.27378124,9.795272751,18931.8937,-0.2239163645,64.1259503,17.44644243,-46.98085964,102.5367754
839.4565375,183307.1762,50.42831806,9.869376919,18889.2192,-0.202112855,63.97199735,17.44775483,-46.88011277,102.3236853
846.3465247,182901.5887,50.74972786,10.02508221,18799.34086,-0.1557433652,63.64789567,17.4323835,-46.66934714,101.724321
854.9586294,182543.9472,51.14827074,10.22116878,18686.28042,-0.09839521692,63.24077359,17.42414559,-46.39691876,100.6242575
862.9844827,182354.1095,51.51646705,10.40533464,18580.76601,-0.04764329612,62.86183008,17.41650429,-46.11453131,99.2974688
868.2758279,182299.2383,51.75751924,10.52748353,18511.46657,-0.01688187239,62.61373577,17.40649212,-45.92704984,98.29393947
869.6073257,182293.5448,51.81796577,10.55830984,18494.08622,-0.009583486933,62.55161892,17.40525395,-45.88419799,98.02456583
869.6073257,182293.5448,51.81796577,10.55830984,18494.08622,-0.009583486933,62.55161892,17.40525395,-45.88419799,98.02456583
872.9029731,182292.6165,51.96721583,10.63476094,18451.18394,0.007632998967,62.39845557,17.40244468,-45.77983555,97.33442847
879.7929603,182345.5784,52.27757959,10.79527405,18362.16643,0.03918628513,62.08151044,17.39462646,-45.558149,95.80537296
888.405065,182497.0225,52.66239261,10.99715444,18252.48464,0.06905308073,61.69276554,17.38999447,-45.26757131,93.76754249
896.4309183,182697.5138,53.01794397,11.18647595,18152.11709,0.08651889521,61.33909542,17.38716991,-44.95539756,91.81026751
901.7222635,182847.8029,53.25076941,11.3118854,18087.01567,0.09234397771,61.11093768,17.38514549,-44.73988877,90.51985281
903.0537613,182886.7651,53.3091615,11.3435144,18070.77119,0.09308479816,61.05415948,17.3851396,-44.68949044,90.19664759
903.0537613,182886.7651,53.3091615,11.3435144,18070.77119,0.09308479816,61.05415948,17.3851396,-44.68949044,90.19664759
906.3494087,182983.8641,53.45335577,11.42192104,18030.79998,0.09364875378,60.91468482,17.38528114,-44.57354404,89.40279589
913.2393959,183182.8113,53.75329226,11.58637856,17948.31904,0.08897461202,60.62786624,17.38576258,-44.33475757,87.78484535
921.8515006,183402.643,54.12535943,11.79291819,17847.20058,0.07257675577,60.27809947,17.38913355,-43.99928772,85.87317491
929.8773539,183554.588,54.46932816,11.98631955,17754.76364,0.04786912014,59.96025227,17.39307032,-43.65643551,84.24036154
935.1686991,183616.4992,54.69467042,12.11428756,17694.65205,0.02722351408,59.7544861,17.39647952,-43.42688181,83.25490907
936.5001969,183626.5254,54.75119791,12.14654477,17679.617,0.0215440164,59.70312425,17.39781812,-43.36884026,83.01864909
936.5001969,183626.5254,54.75119791,12.14654477,17679.617,0.0215440164,59.70312425,17.39781812,-43.36884026,83.01864909
939.7958443,183640.9781,54.89080786,12.22648022,17642.54248,0.006726494654,59.57662845,17.40158937,-43.23283831,82.45530707
946.6858315,183619.803,55.18129414,12.3940196,17565.58561,-0.02741558361,59.31459318,17.4094759,-42.96313444,81.38197894
955.2979362,183486.3156,55.54177482,12.60421253,17470.15614,-0.07470474596,58.99046061,17.41828612,-42.59796129,80.24565398
963.3237895,183247.299,55.87512854,12.80084406,17381.60196,-0.1214267704,58.69032206,17.42528767,-42.24009221,79.39222145
968.6151347,183027.6863,56.09354479,12.93086188,17323.21739,-0.1526782702,58.49262008,17.43026939,-42.00835636,78.93341173
969.9466325,182964.6685,56.1483363,12.96362593,17308.50745,-0.1605167346,58.44281516,17.43175562,-41.95008649,78.83023724
969.9466325,182964.6685,56.1483363,12.96362593,17308.50745,-0.1605167346,58.44281516,17.43175562,-41.95008649,78.83023724
973.2422799,182795.4364,56.28365866,13.04480158,17272.04491,-0.1797737593,58.31935286,17.43553363,-41.80791255,78.59570627
980.1322671,182382.0312,56.56520913,13.21487362,17195.46055,-0.218895173,58.05988538,17.44337398,-41.51955579,78.19716597
988.7443718,181758.5611,56.91452784,13.42813502,17098.72506,-0.264090815,57.73160746,17.45297297,-41.15507882,77.85575458
996.7702251,181082.8774,57.23742811,13.62754889,17007.17327,-0.3006139413,57.42022896,17.45978142,-40.80394255,77.66941797
1002.06157,180595.226,57.44889704,13.75936897,16945.90633,-0.320941055,57.2114309,17.46190182,-40.57666604,77.60197763
1003.393068,180467.9848,57.50193113,13.79258312,16930.36368,-0.3255360275,57.15839906,17.46205861,-40.52205552,77.59061328
1003.393068,180467.9848,57.50193113,13.79258312,16930.36368,-0.3255360275,57.15839906,17.46205861,-40.52205552,77.59061328
1006.688716,180146.1512,57.63288517,13.87486752,16891.6626,-0.335958982,57.02622436,17.46289151,-40.38907788,77.56905294
1013.578703,179446.996,57.90520528,14.04723591,16809.60815,-0.3530078126,56.7453633,17.46707846,-40.11500512,77.54357029
1022.190807,178541.038,58.24276314,14.26333296,16704.68193,-0.3644874165,56.38496838,17.47063043,-39.77508598,77.52438496
1030.216661,177688.2939,58.5544399,14.46535912,16604.42871,-0.3648930125,56.03947355,17.46823218,-39.45198415,77.48355509
1035.508006,177133.2985,58.75835541,14.59888546,16537.02129,-0.359717342,55.8066473,17.46658171,-39.24250324,77.42141707
1036.839504,176995.5007,58.8094686,14.63252682,16519.89434,-0.3577392869,55.74742438,17.46691717,-39.19238209,77.39884114
1036.839504,176995.5007,58.8094686,14.63252682,16519.89434,-0.3577392869,55.74742438,17.46691717,-39.19238209,77.39884114
1040.135151,176658.7496,58.93563236,14.7158647,16477.21946,-0.3517019785,55.59973463,17.46632942,-39.07150468,77.33255665
1047.025138,175979.9925,59.19777084,14.89041526,16386.76665,-0.3342205145,55.28615932,17.46134357,-38.82393797,77.13486128
1055.637243,175194.8967,59.52228539,15.10919255,16271.52252,-0.3040672381,54.88576781,17.45659746,-38.5153026,76.74270642
1063.663096,174542.5771,59.82150268,15.31365512,16162.25288,-0.2693179274,54.50557429,17.44661343,-38.22175083,76.22101134
1068.954442,174160.1667,60.01705599,15.44874718,16089.4333,-0.2439890998,54.25208701,17.44092163,-38.02950249,75.78491077
1070.285939,174070.2156,60.06604795,15.48277671,16071.02465,-0.237384924,54.18799694,17.44147207,-37.98251585,75.66120562
1070.285939,174070.2156,60.06604795,15.48277671,16071.02465,-0.237384924,54.18799694,17.44147207,-37.98251585,75.66120562
1073.581587,173858.7542,60.18693389,15.56706438,16025.32739,-0.2207205548,54.02888191,17.44026131,-37.86947516,75.33807322
1080.471574,173468.5067,60.43792461,15.74354512,15929.36909,-0.1854642572,53.69475187,17.42966832,-37.63734319,74.58326556
1089.083679,173077.7537,60.7483326,15.96461416,15808.98892,-0.14252702,53.27579792,17.42276555,-37.33963023,73.47518379
1097.109532,172804.4143,61.03429135,16.17107351,15696.80716,-0.1059264492,52.8859215,17.41173588,-37.05342805,72.31306276
1102.400877,172666.8249,61.22107525,16.30740091,15623.08484,-0.08482280517,52.63015553,17.40663952,-36.86031299,71.48764006
1103.732375,172636.9264,61.26785962,16.34173057,15604.57157,-0.07993017385,52.56598953,17.40859384,-36.81067149,71.2704066
1103.732375,172636.9264,61.26785962,16.34173057,15604.57157,-0.07993017385,52.56598953,17.40859384,-36.81067149,71.2704066
1107.028022,172570.476,61.38328275,16.42674202,15558.81475,-0.06854535542,52.40749841,17.41082922,-36.69452818,70.72690016
1113.91801,172461.6864,61.62287366,16.60464562,15463.64305,-0.04916612069,52.07829367,17.39985076,-36.4599562,69.57820577
1122.530114,172366.8772,61.91911719,16.82731554,15345.85525,-0.03450138172,51.67193031,17.39307403,-36.13978716,68.10687443
1130.555968,172299.0526,62.19200771,17.03508527,15237.28762,-0.03032141853,51.29851119,17.39834133,-35.84193998,66.72780872
1135.847313,172255.3696,62.3702619,17.17218104,15166.35961,-0.0326194994,51.05507705,17.39841932,-35.64211422,65.83913015
1137.178811,172243.6634,62.41491157,17.20669228,15148.5983,-0.03384789827,50.9941954,17.39706114,-35.58611963,65.62027536
1137.178811,172243.6634,62.41491157,17.20669228,15148.5983,-0.03384789827,50.9941954,17.39706114,-35.58611963,65.62027536
1140.474458,172212.5187,62.52507266,17.2921328,15104.79104,-0.03801429861,50.84419174,17.39421706,-35.45344153,65.08498923
1147.364445,172132.2989,62.75376602,17.47084125,15013.85954,-0.05165111186,50.53331396,17.39535361,-35.19268777,63.99619172
1155.97655,171989.4793,63.03658636,17.69434745,14901.25564,-0.07679184988,50.14915532,17.40354237,-34.84139485,62.71374217
1164.002403,171799.5263,63.29715719,17.90273516,14797.15098,-0.1068364894,49.79463584,17.41057427,-34.52877928,61.61682508
1169.293748,171638.6469,63.46738168,18.04015763,14728.84938,-0.1295334539,49.56214324,17.41300687,-34.32635918,60.95111745
1170.625246,171593.307,63.51002138,18.07474137,14711.6943,-0.135537713,49.50376196,17.41337845,-34.26868883,60.79095083
1170.625246,171593.307,63.51002138,18.07474137,14711.6943,-0.135537713,49.50376196,17.41337845,-34.26868883,60.79095083
1173.920894,171472.3768,63.61522446,18.16034506,14669.27301,-0.1507765582,49.35945239,17.41580835,-34.12390585,60.40532627
1180.810881,171178.4084,63.83362139,18.33932167,14580.65994,-0.1837328927,49.05810845,17.42492514,-33.83172094,59.65066559
1189.422985,170731.7486,64.10367354,18.5630302,14469.7779,-0.2254190411,48.68097326,17.43354849,-33.46990041,58.81015748
1197.448839,170238.1969,64.35240796,18.77148028,14366.03577,-0.2630397114,48.32774514,17.43834606,-33.15050936,58.12037895
1202.740184,169874.4781,64.51484163,18.90887992,14297.27585,-0.286328849,48.09323757,17.44137975,-32.94299406,57.70706414
1204.071682,169778.4715,64.55552071,18.94345007,14279.91526,-0.291918859,48.03397736,17.44207329,-32.88769506,57.60764931
1204.071682,169778.4715,64.55552071,18.94345007,14279.91526,-0.291918859,48.03397736,17.44207329,-32.88769506,57.60764931
1207.367329,169533.5637,64.65586858,19.0290067,14236.82983,-0.3051781361,47.88683625,17.44473755,-32.74828234,57.36766705
1214.257316,168991.1897,64.86409318,19.20782379,14146.13657,-0.329703504,47.57675422,17.45180036,-32.45704242,56.8912942
1222.869421,168266.5935,65.12135717,19.4312169,14031.42968,-0.3532696237,47.18380801,17.45546516,-32.10377152,56.33470912
1230.895274,167559.7874,65.35806492,19.63925576,13923.04535,-0.3674606956,46.81153152,17.45539094,-31.79897546,55.83243363
1236.18662,167084.9501,65.51249691,19.77632107,13850.74687,-0.3724454806,46.56258645,17.45583622,-31.59715608,55.49762252
1237.518117,166965.0336,65.55115233,19.810799,13832.44466,-0.3731247088,46.49950176,17.4560117,-31.54240845,55.41206089
1237.518117,166965.0336,65.55115233,19.810799,13832.44466,-0.3731247088,46.49950176,17.4560117,-31.54240845,55.41206089
1240.813765,166668.2915,65.64647282,19.89611314,13786.95359,-0.3737934044,46.34261617,17.45619236,-31.4109904,55.1973769
1247.703752,166052.4562,65.84409759,20.07435643,13690.98208,-0.3706994195,46.01115392,17.45480713,-31.14510121,54.7310008
1256.315857,165303.7103,66.0879352,20.29690044,13569.44701,-0.3588056102,45.5906739,17.45072208,-30.80684966,54.10095054
1264.34171,164640.6252,66.31195251,20.50400956,13454.74686,-0.340856146,45.19304242,17.4465315,-30.53095533,53.45226294
1269.633055,164227.1575,66.45792742,20.64038579,13378.46259,-0.326223188,44.92802218,17.44303419,-30.34736438,52.98855659
1270.964553,164126.4182,66.49444399,20.67468059,13359.19433,-0.3222506101,44.86104681,17.4417973,-30.29076113,52.86743133
1270.964553,164126.4182,66.49444399,20.67468059,13359.19433,-0.3222506101,44.86104681,17.4417973,-30.29076113,52.86743133
1274.2602,163883.1424,66.58445307,20.75952427,13311.39199,-0.3119788843,44.69490759,17.43889293,-30.15922984,52.55919752
1281.150188,163403.623,66.77089994,20.93670355,13211.00955,-0.289136067,44.34580962,17.43390561,-29.9100047,51.87594997
1289.762292,162861.4039,67.00064951,21.1577612,13084.92386,-0.2595506955,43.90721956,17.42715756,-29.57561382,50.95353468
1297.788146,162412.1283,67.21145629,21.36332576,12967.11969,-0.2332929333,43.49724358,17.42033971,-29.32329864,50.03374801
1303.079491,162142.9423,67.34869737,21.49859929,12889.44313,-0.2179594626,43.22646409,17.41526167,-29.15570572,49.40190972
1304.410989,162078.2324,67.38301471,21.53260613,12869.90793,-0.2144057682,43.15836127,17.41373916,-29.09534804,49.24050661
1304.410989,162078.2324,67.38301471,21.53260613,12869.90793,-0.2144057682,43.15836127,17.41373916,-29.09534804,49.24050661
1307.706636,161922.9158,67.46757988,21.61671894,12821.58619,-0.2061394282,42.99004693,17.4112023,-28.95330846,48.83620328
1314.596623,161617.9038,67.64265314,21.79228732,12720.73076,-0.1917281856,42.63891574,17.41037878,-28.69480305,47.97349453
1323.208728,161265.4521,67.8582294,22.01117582,12595.12128,-0.1800394565,42.20206001,17.40834514,-28.34777513,46.88138792
1331.234581,160953.2392,68.05590261,22.21456749,12478.69582,-0.1768916525,41.79724022,17.40348351,-28.10171806,45.86709008
1336.525926,160748.8766,68.18453725,22.34833139,12402.32229,-0.1795143402,41.53113397,17.40128952,-27.94173384,45.20597954
1337.857424,160696.9998,68.21669623,22.381949,12383.15181,-0.1807208,41.46432306,17.40120911,-27.87951222,45.04092351
1337.857424,160696.9998,68.21669623,22.381949,12383.15181,-0.1807208,41.46432306,17.40120911,-27.87951222,45.04092351
1341.153072,160567.2489,68.29593259,22.46508246,12335.77862,-0.1844911624,41.29939318,17.40287064,-27.72351564,44.63433809
1348.043059,160286.839,68.45992998,22.63853113,12237.05824,-0.1958920982,40.95606137,17.40768276,-27.43314421,43.80069828
1356.655163,159910.4313,68.66179097,22.854636,12114.25346,-0.2166808054,40.52944937,17.40769448,-27.07350506,42.80233819
1364.681017,159523.7853,68.84681163,23.05530364,12000.31394,-0.2421061662,40.1333797,17.41033405,-26.81404869,41.91575917
1369.972362,159245.798,68.96716861,23.18720464,11925.35575,-0.2614313492,39.87203202,17.4156034,-26.64851681,41.3544819
1371.30386,159172.7014,68.99725202,23.22034513,11906.50455,-0.2665147065,39.80624201,17.41662755,-26.59038039,41.21668701
1371.30386,159172.7014,68.99725202,23.22034513,11906.50455,-0.2665147065,39.80624201,17.41662755,-26.59038039,41.21668701
1374.599507,158986.1725,69.07136294,23.3022834,11859.8596,-0.2793467037,39.64352387,17.41778149,-26.43488182,40.88211444
1381.489494,158569.8812,69.22469575,23.4731677,11762.36994,-0.3070128089,39.30370072,17.41930953,-26.11950756,40.20830703
1390.101599,157999.3241,69.41330851,23.68594145,11640.3715,-0.3417010677,38.87857434,17.42585455,-25.75761715,39.40713264
1398.127452,157419.6848,69.5860408,23.88337651,11526.28368,-0.3724503815,38.48015253,17.43367036,-25.48589237,38.69695432
1403.418798,157014.4192,69.69831409,24.01307668,11450.76615,-0.3913118066,38.21552421,17.43679872,-25.30842704,38.24621142
1404.750295,156909.7704,69.72636472,24.0456544,11431.72004,-0.3958217225,38.14869707,17.43725464,-25.25425657,38.13471749
1404.750295,156909.7704,69.72636472,24.0456544,11431.72004,-0.3958217225,38.14869707,17.43725464,-25.25425657,38.13471749
1408.045943,156646.506,69.79544531,24.1261841,11384.4972,-0.4064667197,37.98297888,17.43820382,-25.11018775,37.86141791
1414.93593,156078.7457,69.93826079,24.29405025,11285.3592,-0.4259567807,37.63507417,17.4404679,-24.80011076,37.29923534
1423.548035,155343.8078,70.11370934,24.50290723,11160.55331,-0.4442660814,37.1970334,17.44277672,-24.44145381,36.6068375
1431.573888,154643.6609,70.27413915,24.69654178,11043.28746,-0.4552436667,36.78444143,17.44219621,-24.1786624,35.96425956
1436.865233,154178.6829,70.37827792,24.82365421,10965.46291,-0.4594415565,36.50966033,17.44182639,-24.00284652,35.5374996
1438.196731,154061.6211,70.40427833,24.85557027,10945.81395,-0.4600896637,36.44020826,17.44221897,-23.94741168,35.42916625
1438.196731,154061.6211,70.40427833,24.85557027,10945.81395,-0.4600896637,36.44020826,17.44221897,-23.94741168,35.42916625
1441.492378,153772.2804,70.46827843,24.93444381,10897.06634,-0.4609337967,36.26790232,17.44202629,-23.8082619,35.16017906
1448.382366,153171.5097,70.60044467,25.09876174,10794.67276,-0.4596477645,35.90592382,17.4381559,-23.51751545,34.59171304
1456.99447,152434.9733,70.76253135,25.30301795,10665.83566,-0.4527977297,35.45065272,17.43562074,-23.15935348,33.86109476
1465.020324,151769.5359,70.91046517,25.49219699,10545.01496,-0.4426101695,35.02289917,17.43272713,-22.922818,33.15912993
1470.311669,151343.8084,71.00634751,25.61628326,10465.04538,-0.4350116543,34.73861888,17.42979344,-22.76562369,32.68572997
1471.643167,151238.3487,71.03026855,25.64742684,10444.88963,-0.4330204111,34.66690198,17.42941707,-22.70584983,32.56511536
1471.643167,151238.3487,71.03026855,25.64742684,10444.88963,-0.4330204111,34.66690198,17.42941707,-22.70584983,32.56511536
1474.938814,150980.3442,71.08911994,25.72436936,10394.95065,-0.4279096307,34.48934048,17.42826782,-22.5587199,32.26447946
1481.828801,150454.8625,71.2105178,25.88456348,10290.37008,-0.4171002282,34.11769051,17.4245464,-22.2722685,31.62738806
1490.440906,149823.6855,71.35915296,26.08350306,10159.45289,-0.4045919414,33.6530991,17.42097782,-21.90902323,30.81596138
1498.466759,149257.9286,71.49458119,26.26757044,10037.4128,-0.3959964065,33.21939918,17.41744648,-21.69468077,30.05032932
1503.758104,148893.8501,71.58224499,26.38820729,9957.015877,-0.3931459813,32.93222321,17.41482593,-21.55700411,29.54384938
1505.089602,148803.0062,71.60410193,26.4184733,9936.798268,-0.3927859322,32.85992256,17.41436708,-21.49498646,29.41637525
1505.089602,148803.0062,71.60410193,26.4184733,9936.798268,-0.3927859322,32.85992256,17.41436708,-21.49498646,29.41637525
1508.38525,148579.221,71.65785239,26.49322747,9886.782242,-0.39239259,32.68128177,17.41365076,-21.33575261,29.10100701
1515.275237,148114.4634,71.76862795,26.64877347,9782.352306,-0.3941883177,32.3088486,17.41279431,-21.0307025,28.44438463
1523.887342,147533.918,71.90407923,26.84176918,9652.127945,-0.4018587626,31.84542576,17.41174982,-20.66045765,27.63328573
1531.913195,146985.703,72.02732774,27.02016976,9531.116106,-0.4153366733,31.41408015,17.41053144,-20.44936141,26.8918929
1537.20454,146616.3364,72.10702214,27.13700616,9451.522313,-0.4279964226,31.12865951,17.40949368,-20.3179879,26.4129998
1538.536038,146522.0298,72.12688145,27.16630797,9431.516419,-0.4315998486,31.0567978,17.40915713,-20.25864485,26.29392265
1538.536038,146522.0298,72.12688145,27.16630797,9431.516419,-0.4315998486,31.0567978,17.40915713,-20.25864485,26.29392265
1541.831685,146285.9829,72.17570106,27.23866227,9382.034265,-0.4410436603,30.87924776,17.4093964,-20.09676879,26.00123142
1548.721672,145779.1883,72.276231,27.38913018,9278.708871,-0.4627893745,30.50925156,17.41184066,-19.76656665,25.40011626
1557.333777,145117.6557,72.39899585,27.57566359,9149.734265,-0.4931448581,30.04864892,17.41258001,-19.38929816,24.67195248
1565.35963,144470.2077,72.5105379,27.74792694,9029.632785,-0.5243845235,29.61870273,17.41386328,-19.17949226,24.01512808
1570.650976,144025.8197,72.58257217,27.86065596,8950.443075,-0.5463030832,29.33329064,17.41412238,-19.04664801,23.59354333
1571.982473,143911.7336,72.60051078,27.88891641,8930.512332,-0.551913833,29.26131139,17.41338432,-18.98947013,23.48913215
1571.982473,143911.7336,72.60051078,27.88891641,8930.512332,-0.551913833,29.26131139,17.41338432,-18.98947013,23.48913215
1575.278121,143625.456,72.64458784,27.95867966,8881.171551,-0.5657915806,29.08327135,17.41302978,-18.82929425,23.23242911
1582.168108,143009.6902,72.73525331,28.10366727,8777.903127,-0.5938833324,28.71150334,17.41637634,-18.48563429,22.70363614
1590.780213,142210.3423,72.84577758,28.28322624,8648.524533,-0.626406279,28.24733586,17.4163625,-18.10199597,22.05925965
1598.806066,141439.8455,72.9459934,28.44886043,8527.585807,-0.6542724954,27.81229576,17.41756055,-17.90162201,21.47022372
1604.097411,140920.2789,73.01059883,28.55714816,8447.605896,-0.6712426504,27.5224119,17.41911087,-17.77688938,21.08639591
1605.428909,140788.269,73.02667252,28.58428193,8427.448102,-0.6752901763,27.44918144,17.4185914,-17.72197026,20.99061272
1605.428909,140788.269,73.02667252,28.58428193,8427.448102,-0.6752901763,27.44918144,17.4185914,-17.72197026,20.99061272
1608.724556,140459.5699,73.06614097,28.65124059,8377.503763,-0.6848342219,27.26790877,17.41739512,-17.56205549,20.75426673
1615.614544,139765.0137,73.14720478,28.79029045,8272.825728,-0.7021419538,26.88924241,17.41755981,-17.2038258,20.26183335
1624.226648,138888.1821,73.24579087,28.96228279,8141.464616,-0.7186465389,26.41650856,17.41713285,-16.81478162,19.64903306
1632.252502,138067.922,73.33494548,29.12071771,8018.554315,-0.7304515056,25.97313042,17.41714101,-16.63230712,19.07845479
1637.543847,137527.2518,73.39229297,29.22418059,7937.277417,-0.7371486369,25.67743167,17.41864731,-16.52501926,18.70175684
1638.875345,137391.3159,73.40654475,29.25009046,7916.796178,-0.738682666,25.60270812,17.41914939,-16.47456189,18.6069129
1638.875345,137391.3159,73.40654475,29.25009046,7916.796178,-0.738682666,25.60270812,17.41914939,-16.47456189,18.6069129
1642.170992,137055.2312,73.44151151,29.31400289,7866.057116,-0.7421318451,25.41777508,17.41901183,-16.31524162,18.37253546
1649.060979,136355.0821,73.51320249,29.44660679,7759.819418,-0.7480515753,25.03250575,17.41702962,-15.93169277,17.88303174
1657.673084,135486.6983,73.60015645,29.61039667,7626.77619,-0.7538013089,24.55376949,17.4180604,-15.5377762,17.27027928
1665.698937,134684.7862,73.67856556,29.76104636,7502.636074,-0.7602769099,24.10583446,17.41687845,-15.38545713,16.70105329
1670.990282,134158.8101,73.72888335,29.85930533,7420.78308,-0.7667138198,23.80745075,17.41683656,-15.29101863,16.3274044
1672.32178,134026.6074,73.74137352,29.88389712,7400.186092,-0.7685700211,23.73213486,17.41815375,-15.23994662,16.23335804
1672.32178,134026.6074,73.74137352,29.88389712,7400.186092,-0.7685700211,23.73213486,17.41815375,-15.23994662,16.23335804
1675.617428,133699.6003,73.77199318,29.94453258,7349.203048,-0.773354376,23.5459556,17.41995391,-15.07821559,16.00154845
1682.507415,133016.2054,73.83465983,30.07022059,7242.679558,-0.7849396446,23.1593212,17.4179935,-14.68292619,15.52187136
1691.11952,132160.1449,73.91046664,30.22524857,7109.723907,-0.8033613098,22.68149624,17.41819231,-14.27849732,14.92967603
1699.145373,131356.0938,73.97863185,30.36762365,6986.074315,-0.8269139729,22.23542548,17.41542263,-14.16556732,14.38844204
1704.436718,130819.4486,74.02227556,30.46037392,6904.741307,-0.8472122979,21.93801606,17.41264846,-14.08384225,14.03834863
1705.768216,130683.2509,74.03309642,30.48357322,6884.298276,-0.8528261309,21.86302662,17.41307833,-14.02220813,13.95090326
1705.768216,130683.2509,74.03309642,30.48357322,6884.298276,-0.8528261309,21.86302662,17.41307833,-14.02220813,13.95090326
1709.063863,130343.9886,74.05960257,30.5407514,6833.731579,-0.8672463674,21.6780291,17.41354781,-13.84625141,13.7361496
1715.95385,129623.6845,74.11375485,30.65916424,6728.197199,-0.9001990806,21.29439845,17.40988134,-13.45989225,13.29571756
1724.565955,128699.6073,74.17908613,30.80501342,6596.638771,-0.9465898385,20.82154081,17.40504779,-13.03092401,12.75993024
1732.591808,127810.9901,74.23766023,30.93875363,6474.366805,-0.9961536996,20.38037937,17.39794242,-12.94909696,12.2761026
1737.883154,127208.3491,74.27507091,31.02576996,6393.930045,-1.03305313,20.08475904,17.39123872,-12.9042661,11.96568001
1739.214651,127054.3705,74.28433424,31.0475214,6373.71008,-1.042746108,20.01010461,17.38975038,-12.83802282,11.88857039
1739.214651,127054.3705,74.28433424,31.0475214,6373.71008,-1.042746108,20.01010461,17.38975038,-12.83802282,11.88857039
1742.510299,126669.1947,74.30700456,31.10110734,6323.691053,-1.067011878,19.82617268,17.38668962,-12.64245324,11.69932439
1749.400286,125845.2239,74.35322638,31.21197061,6219.219584,-1.118462024,19.44546177,17.38085838,-12.22533683,11.31119723
1758.012391,124780.9966,74.40881544,31.34830673,6088.7635,-1.183017443,18.97739563,17.37195365,-11.76420368,10.83966228
1766.038244,123756.4565,74.45848079,31.47310262,5967.265873,-1.244429773,18.54019546,17.36175435,-11.70527425,10.41263855
1771.329589,123063.9349,74.49010558,31.55417932,5887.182758,-1.286368336,18.24520189,17.3550916,-11.71091206,10.13704586
1772.661087,122887.5269,74.49792347,31.57443069,5867.030791,-1.296984316,18.17039317,17.35356581,-11.6582861,10.0683868
1772.661087,122887.5269,74.49792347,31.57443069,5867.030791,-1.296984316,18.17039317,17.35356581,-11.6582861,10.0683868
1775.956734,122447.365,74.51703385,31.62429426,5817.144866,-1.322906841,17.9859019,17.3510584,-11.458607,9.899387105
1782.846722,121512.3389,74.5558956,31.72733052,5712.780293,-1.37424868,17.60590543,17.34860313,-10.94286654,9.550344557
1791.458826,120320.8748,74.60244871,31.85379311,5582.157442,-1.43251557,17.14275958,17.34501032,-10.44112947,9.121690886
1799.48468,119193.2714,74.64385988,31.96929337,5460.250244,-1.483765893,16.70908139,17.34432345,-10.43843357,8.728273427
1804.776025,118442.3012,74.67012793,32.04419099,5379.77883,-1.517216636,16.41425842,17.34698026,-10.47351054,8.471606405
1806.107523,118252.4766,74.67660831,32.06288103,5359.516709,-1.525511612,16.33932558,17.3478479,-10.42458436,8.407377444
1806.107523,118252.4766,74.67660831,32.06288103,5359.516709,-1.525511612,16.33932558,17.3478479,-10.42458436,8.407377444
1809.40317,117781.3724,74.69242613,32.10886899,5309.343609,-1.545456796,16.15466206,17.3510247,-10.2129925,8.248905164
1816.293157,116792.2555,74.7244895,32.20375118,5204.345771,-1.583574431,15.77726909,17.36041906,-9.610402756,7.919977448
1824.905262,115552.7966,74.76271906,32.31992312,5072.96626,-1.625903545,15.32399726,17.37272064,-9.061679536,7.513752127
1832.931115,114397.7115,74.79655637,32.42573741,4950.505967,-1.666094709,14.89954892,17.3880234,-9.14963322,7.140174106
1838.22246,113635.7481,74.81792683,32.49420175,4869.806651,-1.695581839,14.6081063,17.4014561,-9.228493534,6.896897867
1839.553958,113443.8488,74.82318663,32.51126733,4849.508778,-1.703346289,14.53397599,17.40502055,-9.170339763,6.836139031
1839.553958,113443.8488,74.82318663,32.51126733,4849.508778,-1.703346289,14.53397599,17.40502055,-9.170339763,6.836139031
1842.849606,112968.5546,74.8360044,32.55322516,4799.292521,-1.722830433,14.35219227,17.41320741,-8.917021964,6.686705929
1849.739593,111973.348,74.86189787,32.63964106,4694.473177,-1.76523868,13.98560067,17.4283438,-8.258722686,6.378877724
1858.351698,110725.1878,74.89262208,32.74516301,4563.918879,-1.825225835,13.55225815,17.44469344,-7.707809142,6.003630111
1866.377551,109552.7512,74.91968248,32.8409993,4442.924623,-1.896078595,13.1487478,17.45500504,-7.819077585,5.665201377
1871.668896,108770.3651,74.93670241,32.90286536,4363.61799,-1.954565271,12.86899211,17.45950723,-8.036127125,5.448890489
1873.000394,108571.8279,74.94088202,32.91826888,4343.72635,-1.970872107,12.79679806,17.46069814,-8.056012792,5.395348397
1873.000394,108571.8279,74.94088202,32.91826888,4343.72635,-1.970872107,12.79679806,17.46069814,-8.056012792,5.395348397
1875.197492,108242.5371,74.94768836,32.94354197,4310.966782,-1.9991256,12.67731368,17.45879024,-7.971571797,5.30815642
1879.790817,107546.388,74.96156014,32.99579919,4242.78988,-2.063737754,12.43463522,17.44878368,-7.445177104,5.129924843
1885.53222,106659.4103,74.9782482,33.06001494,4158.157541,-2.154049995,12.149723,17.43992408,-6.986992572,4.913615462
1890.882789,105812.895,74.99317423,33.11875838,4079.926366,-2.251417492,11.882494,17.41432575,-7.271426827,4.720413398
1894.410352,105242.0347,75.00268447,33.15691012,4028.762928,-2.325338792,11.69604526,17.39302631,-7.449893699,4.597393393
1895.298018,105096.5468,75.00503589,33.16643875,4015.937149,-2.344958679,11.64857572,17.3908128,-7.397452302,4.566707298
1895.298018,105096.5468,75.00503589,33.16643875,4015.937149,-2.344958679,11.64857572,17.3908128,-7.397452302,4.566707298
1897.495116,104733.1869,75.01078492,33.1898995,3984.261083,-2.394506169,11.53263117,17.38362335,-7.194938521,4.491697628
1902.088441,103957.8363,75.02248443,33.23837769,3918.417538,-2.503945801,11.29955922,17.35457545,-6.673188843,4.339799693
1907.829844,102956.9265,75.03653068,33.2978911,3836.885405,-2.652698306,11.02825016,17.30954603,-6.194049031,4.15797111
1913.180413,101989.375,75.04906771,33.35227687,3761.732264,-2.807008475,10.77303178,17.24862932,-6.582035118,3.997244785
1916.707976,101331.0634,75.05704008,33.38757002,3712.672677,-2.919436602,10.59072693,17.20332832,-6.825881873,3.89566006
1917.595641,101162.6386,75.05900875,33.39638126,3700.385542,-2.948815494,10.54423882,17.19408083,-6.739156979,3.87045984
1917.595641,101162.6386,75.05900875,33.39638126,3700.385542,-2.948815494,10.54423882,17.19408083,-6.739156979,3.87045984
1919.79274,100740.9401,75.06381846,33.41806971,3670.058566,-3.022467734,10.43192209,17.17156627,-6.47487195,3.80886365
1924.386064,99836.80932,75.07359077,33.46285858,3607.055739,-3.181148236,10.20812416,17.11739433,-5.92473435,3.684145374
1930.127468,98663.54883,75.0852996,33.51779127,3529.064748,-3.388022987,9.953394577,17.03866546,-5.341312926,3.535479788
1935.478036,97526.18714,75.09573055,33.56793897,3457.169851,-3.592780744,9.712382082,16.94831076,-5.920299611,3.404207677
1939.0056,96752.17066,75.10234905,33.60045444,3410.211195,-3.736531541,9.53161378,16.88277183,-6.314382867,3.321264441
1939.893265,96554.25529,75.10398062,33.60856879,3398.448474,-3.773571749,9.485101407,16.86686281,-6.195276756,3.300760265
1939.893265,96554.25529,75.10398062,33.60856879,3398.448474,-3.773571749,9.485101407,16.86686281,-6.195276756,3.300760265
1942.090363,96059.00094,75.10796283,33.62853591,3369.412531,-3.865563939,9.374184264,16.83282019,-5.85925068,3.250356895
1946.683688,94999.46177,75.11603616,33.66974194,3308.967628,-4.056658998,9.156194682,16.7760229,-5.20883625,3.14674382
1952.425091,93632.79231,75.12568541,33.72022284,3233.766303,-4.28852915,8.920784993,16.70302562,-4.34851862,3.021292026
1957.77566,92321.35743,75.13426672,33.7662428,3164.024873,-4.50127169,8.700130774,16.61909398,-5.163431454,2.908564865
1961.303224,91438.02391,75.13969774,33.79604596,3118.273854,-4.64476883,8.517182606,16.54941986,-5.995419583,2.836667023
1962.190889,91213.4041,75.14103299,33.80347889,3106.799118,-4.681561915,8.467780868,16.52894754,-5.953033215,2.818943995
1962.190889,91213.4041,75.14103299,33.80347889,3106.799118,-4.681561915,8.467780868,16.52894754,-5.953033215,2.818943995
1964.387987,90653.45539,75.14428555,33.82176133,3078.431325,-4.771415462,8.350113699,16.5126703,-5.454561834,2.773830219
1968.981312,89468.15721,75.15085768,33.85945019,3018.771487,-4.934496228,8.140666323,16.54905794,-4.105991543,2.676367325
1974.722715,87971.02148,75.15869452,33.90553218,2943.501494,-5.095278315,7.936655593,16.54555149,-3.357224813,2.556021163
1980.073284,86572.60955,75.16564987,33.94743912,2872.738021,-5.212509742,7.736183765,16.58259744,-4.135711067,2.441283937
1983.600847,85654.2193,75.17003679,33.97451755,2825.589226,-5.269380144,7.562732653,16.59775493,-5.093334513,2.364976767
1984.488513,85424.13179,75.17111307,33.98126234,2813.705343,-5.28315222,7.512628198,16.57745847,-5.329111589,2.346656433
1984.488513,85424.13179,75.17111307,33.98126234,2813.705343,-5.28315222,7.512628198,16.57745847,-5.329111589,2.346656433
1986.685611,84855.92234,75.17372628,33.99783785,2784.314316,-5.317557408,7.386246308,16.58784015,-4.926634856,2.299113804
1991.278936,83680.28644,75.17898419,34.03193582,2721.792687,-5.338398572,7.194530359,16.79741426,-2.726180718,2.190455648
1997.020339,82254.78202,75.18523566,34.07347113,2641.398579,-5.271090515,7.025609281,16.98722055,-2.609962337,2.0522711
2002.370908,80989.17605,75.19076356,34.11106633,2564.710907,-5.146717399,6.849650207,17.22258298,-2.666267143,1.918016352
2005.898471,80194.31236,75.19423614,34.13525527,2513.053472,-5.028967372,6.700846887,17.36853221,-4.594649335,1.827915383
2006.786136,80000,75.19508679,34.1412662,2500,-5,6.639121551,17.36473112,-6.163816981,1.806392081